,MLSNumber,Street,City,Price,BR,Bath,Footage
0,1071105,851 Tabitha,Santa Maria,421000,4,3,1877.0
1,1071787,1609 Longbranch,Grover Beach,364900,3,3,1499.0
2,1067012,7115 San Gregorio,Atascadero,589000,3,3,2280.0
3,1071109,205 Newlove,Santa Maria,199999,2,1,1190.0
4,1071111,310 McCoy,Santa Maria,239900,2,2,1130.0
5,1071113,2251 Shell Beach,Pismo Beach,715000,3,2,1282.0
6,1071126,245 5th,Solvang,350000,2,2,1316.0
7,1071127,35791 Hopewell,Out Of Area,599000,2,2,2750.0
8,1067876,1430 Florette,Santa Maria,469000,3,2,2308.0
9,1071627,719 Jacob,Santa Maria,455000,3,2,2120.0
10,1071137,1021 Wailea,Nipomo,599000,2,2,1690.0
11,1069090,716 Balboa,Grover Beach,659900,3,2,2020.0
12,1071141,1807 Costa Brava,Pismo Beach,895000,3,3,1749.0
13,1069095,873 Via Seco,Nipomo,829000,3,3,2424.0
14,1065001,361 Hacienda,Cayucos,549000,2,2,1480.0
15,1071151,765 Mesa View,Arroyo Grande,75000,2,1,-1.0
16,1072956,1466 Durham,Santa Maria,377017,3,3,1685.0
17,1065022,2078 Fixlini,San Luis Obispo,1285000,3,3,3042.0
18,1071167,77 Alta Vista,Solvang,259000,2,2,1344.0
19,1069514,2020 Oak,Paso Robles,357900,2,1,824.0
20,1071169,1009 Belmonte,Santa Barbara,975000,3,2,1751.0
21,1067074,172 Highland,San Luis Obispo,939000,4,3,2266.0
22,1073147,1343 Amarone,Santa Maria,329500,3,2,1206.0
23,1071176,1277 Belridge,Oceano,298500,2,3,1086.0
24,1071178,9414 Santa Clara,Atascadero,710000,4,3,2754.0
25,1071799,561 Park,Cayucos,1100000,3,3,1674.0
26,1067362,3351 Riparian Way,Paso Robles,389000,4,3,1993.0
27,1071184,1112 Devonshire,Santa Maria,89900,2,2,1600.0
28,1069137,2349 Eastbury,Santa Maria,349900,3,3,1896.0
29,1071186,1476 Trail View,Nipomo,729000,2,2,1734.0
30,1071697,2250 King,San Luis Obispo,449900,2,2,1256.0
31,1071191,770 Viola,Nipomo,469900,3,2,1482.0
32,1073061,4286 Brentwood,Santa Maria,399900,3,2,1896.0
33,1071198,1182 Shady Glen,Santa Maria,420000,3,3,1552.0
34,1065058,1017 La Serenata,Nipomo,739500,4,3,2779.0
35,1067107,3711 Cutler,Visalia,179465,3,2,1594.0
36,1071206,122 Newport,Grover Beach,585900,3,3,1750.0
37,1067112,868 Coriander,San Luis Obispo,607833,4,4,2150.0
38,1069757,3074 Cielo Grande,Atascadero,775000,5,4,3120.0
39,1073130,2410 Divide,Santa Maria,349000,3,2,1555.0
40,1067123,8825 San Marcos,Atascadero,488000,4,3,1355.0
41,1068360,2101 Tularosa,Lompoc,515000,3,2,1440.0
42,1071226,2725 Ardath,Cambria,459000,2,2,1443.0
43,1070101,1432 Las Encinas,Los Osos,789000,4,3,3128.0
44,1072926,1531 Penn,Santa Maria,436675,4,4,2174.0
45,1069189,310 McCoy,Santa Maria,222500,2,2,1130.0
46,1071240,3496 Gregory,San Luis Obispo,629900,3,2,1204.0
47,1071241,454 Yerba Buena,Morro Bay,569000,2,2,942.0
48,1071250,770 Princess,Nipomo,458800,3,2,1561.0
49,1068153,1291 16th,Grover Beach,419900,4,3,2321.0
50,1061016,32968 Indian Reservation,Porterville,334500,3,3,3100.0
51,1073093,562 Manhattan,Grover Beach,449900,3,3,1450.0
52,1070199,7305 San Gabriel,Atascadero,619000,4,4,3005.0
53,1071260,169 Meadowbrook,Santa Maria,384900,2,2,2170.0
54,1071261,1068 Pluto,Nipomo,225000,4,2,1344.0
55,1071262,1220 Baden,Grover Beach,299000,2,2,1051.0
56,1070899,567 Bluerock,San Luis Obispo,669900,3,2,1543.0
57,1071472,326 Panay,Morro Bay,749900,3,3,1500.0
58,1071266,979 Vista Cerro,Paso Robles,639000,4,3,2392.0
59,1071473,395 Surf,Morro Bay,350000,2,1,1154.0
60,1071274,3421 Studio,Cayucos,1049000,2,2,1352.0
61,1071815,5275 Morning Star,Paso Robles,499000,3,2,1951.0
62,1065133,3340 Studio,Cayucos,3250000,2,3,1100.0
63,1063089,4096 Dartmouth,Santa Maria,349500,3,2,1638.0
64,1063090,78 Bundy,Buellton,418000,3,2,1211.0
65,1071284,491 Tahiti,Morro Bay,305000,2,2,842.0
66,1073025,940 Refugio,Santa Ynez,795000,3,2,1892.0
67,1071289,312 Rainbow,Paso Robles,449500,3,2,1588.0
68,1071290,1168 Mentone,Grover Beach,560000,5,3,2340.0
69,1071818,669 Rosemary,Arroyo Grande,1375000,4,4,3234.0
70,1067198,4650 Blue Sage,Paso Robles,1599000,4,5,4577.0
71,1071295,1006 Vista Grande,Paso Robles,599900,5,3,3227.0
72,1071296,Address Not Available,Santa Maria,374900,3,2,1144.0
73,1065153,1247 Hans Park,Solvang,799900,3,3,2168.0
74,1069252,1598 Stuart,Cambria,559000,3,2,1405.0
75,1071301,5145 Caballeros,San Luis Obispo,1295000,4,3,2804.0
76,1071302,2919 Cottage,Paso Robles,375000,3,3,1481.0
77,1071306,1639 Summer Creek,Paso Robles,398500,3,2,1430.0
78,1071308,860 Sunshine,Santa Maria,445000,3,2,1818.0
79,1067213,5240 Oakhurst,Cambria,599000,4,3,2080.0
80,1067214,727 Red Cloud,Paso Robles,679000,4,3,3000.0
81,1071313,932 Ridge View,Santa Maria,119900,2,2,1176.0
82,1067220,80 Sandalwood,Solvang,675000,3,3,2524.0
83,1071321,390 San Luis,Pismo Beach,825000,3,4,1566.0
84,1071323,180 3rd,Shandon,270000,4,3,1596.0
85,1071325,1647 McCollum,San Luis Obispo,849000,3,2,1395.0
86,1071327,4191 Morning Ridge,Santa Maria,359900,3,2,1304.0
87,1071497,484 Ash,Los Osos,535000,2,2,1674.0
88,1071329,6345 Marchant,Atascadero,309900,1,1,816.0
89,1065196,1015 Ladan,Ballard,3345000,5,7,6215.0
90,1073066,2240 Diesel,Santa Maria,399950,4,3,1822.0
91,1070120,110 Narlene,Pismo Beach,623900,3,3,1479.0
92,1071634,1323 23rd,Oceano,539000,4,2,1817.0
93,1070121,2300 Arciero,Paso Robles,439000,3,2,1477.0
94,1071352,884 Blake,Santa Maria,498500,3,3,2186.0
95,1071354,3860 Higuera,San Luis Obispo,75000,2,1,800.0
96,1071356,474 Yerba Buena,Morro Bay,379000,1,1,720.0
97,1071361,5388 Barrenda,Atascadero,399900,3,3,1528.0
98,1055745,3126 Shearer,Cayucos,749000,3,2,1700.0
99,1067270,3479 Davies,Cayucos,835000,3,2,-1.0
100,1069319,1502 Goldsmith,Santa Maria,789000,4,4,4118.0
101,1071989,971 Rachel,San Luis Obispo,856024,2,3,1775.0
102,1070271,1460 25th,Oceano,489990,3,2,1583.0
103,1071375,5480 Oakhurst,Cambria,799000,4,3,3429.0
104,1071376,464 Violet,Nipomo,449900,3,2,1466.0
105,1069331,750 Chalk Hill,Solvang,1648000,3,3,3111.0
106,1071380,353 Odense,Buellton,539000,3,3,1545.0
107,1069333,470 Pismo,San Luis Obispo,1275000,5,3,2578.0
108,1069334,1208 Fesler,Santa Maria,225000,2,3,1594.0
109,1071383,900 Kingston,Santa Maria,270000,5,3,1708.0
110,1071384,541 Bakeman,Arroyo Grande,390000,2,1,1008.0
111,1070127,1830 Laurel,Solvang,595000,4,3,1264.0
112,1071388,1860 6th,Los Osos,604900,3,2,1716.0
113,1071389,2719 Lookout Loop,Bradley,949000,5,4,3571.0
114,1071493,Address Not Available,Santa Maria,274900,2,1,1164.0
115,1067943,1974 Northwood,Nipomo,999900,3,4,3241.0
116,1065256,4310 Foxenwood,Santa Maria,520000,2,2,2144.0
117,1069249,908 Moody,Paso Robles,425000,3,2,1411.0
118,1071404,1650 Clark,Santa Maria,43900,2,2,1056.0
119,1071409,2253 Barn,Paso Robles,299950,3,2,1512.0
120,1071410,421 Cook,Santa Maria,343000,3,2,1307.0
121,1071411,382 Village Glen,Arroyo Grande,939900,5,3,2781.0
122,1071415,1730 Capitola,Santa Maria,395000,3,3,1965.0
123,1071839,525 Grande,Nipomo,184500,1,1,400.0
124,1068427,69 San Miguel,Avila Beach,1195000,3,3,1523.0
125,1065284,210 Meadowlark,Paso Robles,565000,4,3,2460.0
126,1071429,703 El Camino,Santa Maria,359000,4,2,1368.0
127,1071705,1229 Gibson,Santa Maria,359900,3,2,1932.0
128,1071431,309 Camino Lobo,Paso Robles,332000,3,2,1176.0
129,1069057,1177 Ash,Arroyo Grande,485000,4,2,1560.0
130,1071434,206 Vincente,Pismo Beach,999500,3,4,2027.0
131,1071435,382 South Court,Los Osos,625000,3,2,1556.0
132,1071437,3201 Tide,Morro Bay,430000,2,2,854.0
133,1071440,9575 Lake View,Atascadero,569000,3,2,1936.0
134,1071441,1257 Hans Park,Solvang,818427,4,4,2304.0
135,1071443,1558 Costa Brava,Pismo Beach,1155500,3,4,2012.0
136,1071444,1600 Garden,Santa Barbara,579900,2,2,871.0
137,1072933,306 Hondonada,Arroyo Grande,519000,2,2,1746.0
138,1071446,428 Appaloosa,Paso Robles,417500,3,2,1470.0
139,1071447,3663 San Remo,Santa Barbara,529900,2,2,1127.0
140,1069400,781 Juniper,Nipomo,589000,4,4,2186.0
141,1073067,633 Laura,Paso Robles,355000,3,2,1174.0
142,1069402,508 Rose,Santa Maria,379900,3,2,1689.0
143,1071451,1914 Melanie,Santa Maria,365000,3,2,1398.0
144,1071452,502 Lucas,Santa Maria,329990,3,2,1652.0
145,1070138,3057 Higuera,San Luis Obispo,215000,2,2,1488.0
146,1067359,3600 Ardilla,Atascadero,559000,3,3,2042.0
147,1071457,1243 Roxy,Santa Maria,349000,3,2,1198.0
148,1069410,4640 Whispering Oak,Paso Robles,360000,3,2,1328.0
149,1070139,14030 San Miguel,Atascadero,1295000,4,4,3233.0
150,1071462,3340 Rockview,San Luis Obispo,415000,2,2,1436.0
151,1063272,5219 Camino Cielo,Santa Barbara,4495000,5,4,6000.0
152,1071467,927 School,Santa Maria,419900,3,3,2018.0
153,1071468,9009 Cemetery,San Miguel,789000,4,3,3438.0
154,1071506,320 Casa Real,Nipomo,679000,3,3,2374.0
155,1071471,441 University,Out Of Area,1395000,2,1,1125.0
156,1069424,395 Crestmont,San Luis Obispo,1350000,5,5,4100.0
157,1069425,597 Valley Oak,Solvang,801795,3,3,2028.0
158,1072934,240 Cheyenne,Paso Robles,489900,3,2,2263.0
159,1069429,1875 Santa Rita,Templeton,1198900,3,3,2700.0
160,1072999,2710 Geneseo,Paso Robles,699000,7,7,3198.0
161,1071485,1472 Ash,Arroyo Grande,482900,3,2,1364.0
162,1071486,963 Silver Dollar,Nipomo,928000,4,3,3343.0
163,1071489,1513 Fulton,Santa Maria,379474,3,2,1506.0
164,1069445,556 Hathway,San Luis Obispo,580000,2,1,784.0
165,1070145,560 Foothill,Pismo Beach,419900,1,1,887.0
166,1069449,135 Florin,Pismo Beach,1425000,3,2,2126.0
167,1069452,1486 Gulf,San Luis Obispo,555000,4,2,1385.0
168,1068098,411 Oak Hill,Lompoc,799000,4,3,3000.0
169,1071502,1650 Clark,Santa Maria,70000,2,2,1440.0
170,1072877,5701 Calle de la Rosa,Santa Maria,539000,3,2,1892.0
171,1069458,425 B,Lompoc,326900,4,2,1328.0
172,1071507,1427 Dartmouth,Clovis,719000,5,4,3963.0
173,1063316,2868 Lands End,Bradley,1800000,4,5,4400.0
174,1071510,290 Ocean Oaks,Avila Beach,895000,1,3,1173.0
175,1070071,1320 Oceanaire,San Luis Obispo,799000,2,2,1781.0
176,1061272,2893 Stadium,Solvang,619000,3,3,2096.0
177,1070753,441 Ocean View,Pismo Beach,485000,3,3,1122.0
178,1071515,1230 Clarabelle,Morro Bay,985000,3,3,1865.0
179,1069468,3210 Santa Maria,Santa Maria,32000,2,2,1080.0
180,1065373,2139 Avenida Riviera,Santa Maria,149000,2,2,1704.0
181,1067422,4495 Lobos,Atascadero,438900,3,3,1672.0
182,1066054,519 Embassy,Santa Maria,305000,3,2,1294.0
183,1071529,6115 Via Huerto,Atascadero,549900,4,2,2295.0
184,1064775,2976 Barberry,Lompoc,428000,4,3,2596.0
185,1071531,8330 Del Rio,Atascadero,798800,4,4,2169.0
186,1071533,170 Boeker,Pismo Beach,749000,3,3,1564.0
187,1070493,5667 Gato,Goleta,769000,3,2,1494.0
188,1071536,375 San Luis,Pismo Beach,779000,2,3,1389.0
189,1071537,2499 Starling,Paso Robles,450000,3,2,1945.0
190,1071538,820 Via Laguna Vista,San Luis Obispo,1695000,5,5,5209.0
191,1069491,372 Puesta Del Sol,Arroyo Grande,699900,3,2,1926.0
192,1071540,936 Jacqueline,Nipomo,749900,3,3,2470.0
193,1069494,3476 Willow,Santa Ynez,659000,3,2,1758.0
194,1071544,2859 Stadium,Solvang,669000,3,3,2477.0
195,1071860,59 8th,Templeton,398000,3,3,1475.0
196,1071547,1039 Ford,Nipomo,555000,2,2,1429.0
197,1071548,115 Booker,Templeton,1299000,2,2,1740.0
198,1071549,6150 Balm Ridge,San Luis Obispo,1899000,4,3,3253.0
199,1071550,879 Alina,Nipomo,460000,3,2,1444.0
200,1071551,9104 Saint Cloud,Bakersfield,809000,4,5,5553.0
201,1071552,175 Kern,Morro Bay,1350000,3,2,2381.0
202,1069505,1065 La Costa,Atascadero,325000,3,3,1261.0
203,1071554,2397 Janin,Solvang,979000,3,2,2198.0
204,1071555,7620 Sinaloa,Atascadero,410000,2,2,1116.0
205,1057220,5275 El Verano,Atascadero,525000,3,3,2586.0
206,1071557,2721 Santa Barbara,Los Olivos,1469000,4,4,3000.0
207,1071558,640 Mentone,Grover Beach,449900,3,2,1280.0
208,1070497,111 Morro,Pismo Beach,729000,3,2,1295.0
209,1071560,10438 Fieldstone,Clovis,332333,4,3,2344.0
210,1071561,3251 Via Ensenada,San Luis Obispo,474000,2,3,1389.0
211,1067466,2750 San Marcos,Los Olivos,759000,3,2,1540.0
212,1071564,1456 Tatum,Santa Maria,429000,4,3,2019.0
213,1071565,8888 Carrisa Hy Rt#-58,Santa Margarita,525000,2,2,3139.0
214,1071566,14870 El Camino Real,Atascadero,785000,3,2,2319.0
215,1069519,1190 Santa Ynez,Los Osos,289000,2,2,864.0
216,1071570,1005 Sunday,Nipomo,819000,3,3,2248.0
217,1067475,2939 Hemlock,Morro Bay,399000,1,1,560.0
218,1071573,4936 Point Sal Dunes,Guadalupe,352000,4,2,1690.0
219,1071574,872 Sycamore Canyon,Paso Robles,519900,4,3,2648.0
220,1071577,1398 Bennett,Templeton,735000,4,3,2342.0
221,1071578,229 Luneta,San Luis Obispo,899000,4,2,1975.0
222,1071580,2260 Central Park,Santa Maria,275000,2,2,1076.0
223,1071581,1262 Manzanita,San Luis Obispo,569000,2,3,1537.0
224,1071582,27 Quail Ridge,Atascadero,299900,2,2,1208.0
225,1067487,888 Fredensborg Canyon,Solvang,669750,5,4,2980.0
226,1071585,2279 Tattler,Arroyo Grande,840000,3,3,2435.0
227,1071587,5065 Stagg Hill,Paso Robles,619900,4,2,2293.0
228,1071588,3093 Robinwood,Fresno,273750,3,2,1947.0
229,1071589,822 Greenacre,Santa Maria,285000,2,2,1440.0
230,1068113,765 Mesa View,Arroyo Grande,135000,3,2,1248.0
231,1071592,1323 20th,Oceano,449999,3,2,1289.0
232,1067497,1231 Via Alta,Santa Maria,374900,4,2,1288.0
233,1071594,962 Margarita,Grover Beach,795000,4,3,2570.0
234,1070142,9955 Garcero,Atascadero,749000,3,3,2414.0
235,1071597,9540 Avonne,San Simeon,97000,2,1,770.0
236,1071599,509 Creekside,Paso Robles,487500,3,2,1829.0
237,1071600,672 Oakridge,San Luis Obispo,1950000,5,7,5190.0
238,1071602,424 Uranus,Nipomo,309900,4,2,1840.0
239,1071603,4000 Ardilla,Atascadero,475000,3,2,1684.0
240,1071604,475 South Bay,Morro Bay,139000,1,1,900.0
241,1071605,433 Junipero,San Luis Obispo,734900,3,3,1965.0
242,1071606,1765 13th,Los Osos,629000,3,4,2050.0
243,1071607,1555 Oak Bluffs,Santa Maria,689900,4,3,3100.0
244,1071608,3470 Ranchita Canyon,San Miguel,3500000,3,3,2600.0
245,1071609,9278 Highway 101,Los Alamos,109000,2,2,1100.0
246,1071611,11622 Cardelina,Atascadero,349000,3,3,1468.0
247,1071612,10025 El Camino Real,Atascadero,89000,2,2,1152.0
248,1071613,1116 E,Lompoc,406000,4,2,1700.0
249,1071614,1620 Concord,Santa Maria,299500,3,2,1392.0
250,1071615,5525 Capistrano,Atascadero,169800,1,1,640.0
251,1071616,828 Cooper,Lompoc,415000,3,3,2028.0
252,1071984,1682 Laguna,Grover Beach,1078000,3,3,3280.0
253,1071620,231 Irish,Pismo Beach,654000,4,2,1732.0
254,1071621,2698 Sherwood,Cambria,925000,3,2,1173.0
255,1071625,973 Bent Tree,Santa Maria,157000,3,2,1440.0
256,1071626,3860 Higuera,San Luis Obispo,135000,2,2,1000.0
257,1067095,2461 Grand,Los Olivos,1050000,4,4,2275.0
258,1071628,6470 Cambria Pines,Cambria,2199000,5,7,6000.0
259,1072898,22675 J,Santa Margarita,499900,3,2,1640.0
260,1071630,445 Tyrus,Nipomo,465000,3,2,1266.0
261,1071631,1557 Canyon Creek,Santa Maria,499000,4,3,2373.0
262,1071632,7500 San Gregorio,Atascadero,799000,4,3,2170.0
263,1070168,4541 Coachman,Santa Maria,527000,4,3,2632.0
264,1067538,780 Willow,Nipomo,1110000,7,6,4845.0
265,1072899,1226 Main,Cambria,129000,2,2,684.0
266,1069589,1154 Santa Ysabel,Los Osos,550000,3,2,1208.0
267,1065494,3274 Wintergreen,San Luis Obispo,469863,2,3,1305.0
268,1065495,3286 Lavender,San Luis Obispo,587470,4,4,2150.0
269,1071640,2916 Birch,Morro Bay,429000,2,1,626.0
270,1071641,410 Turtle Creek,Paso Robles,353000,2,2,1361.0
271,1071642,1020 Chapel,Santa Maria,495000,5,4,20908.0
272,1071535,2660 Ontiveros,Los Olivos,1395000,5,4,-1.0
273,1071644,9780 Las Lomas,Atascadero,229500,2,2,928.0
274,1071648,2221 King,San Luis Obispo,449900,2,2,1192.0
275,1071649,156 Auriga,Lompoc,379000,3,2,1864.0
276,1071650,1035 Ford,Nipomo,599999,3,2,1584.0
277,1071652,3492 Via Arnez,Lompoc,279900,3,2,1222.0
278,1069605,4410 Upper Lopez Canyon,Arroyo Grande,345000,1,1,720.0
279,1071655,1518 Las Brisas,Paso Robles,439000,3,2,1475.0
280,1069608,1327 Woodmere,Santa Maria,379500,3,2,1538.0
281,1071657,5715 Santa Cruz,Atascadero,70000,3,2,1152.0
282,1071658,916 Oak,Lompoc,329000,4,2,1480.0
283,1071659,6615 Highway 246,Lompoc,1295000,4,3,2700.0
284,1071660,4330 Camp 8,Creston,799000,2,2,1212.0
285,1071661,516 Canterbury,Cambria,1128000,3,4,2838.0
286,1071663,5076 Bluebird,Paso Robles,259000,2,2,1000.0
287,1071664,355 Cougar Canyon,Arroyo Grande,489900,2,2,1248.0
288,1071665,2865 Monte Verde,Santa Maria,455000,3,2,2008.0
289,1071666,1192 Bauer,Santa Maria,425000,3,3,2038.0
290,1069620,330 Highway 246,Buellton,35000,2,2,1488.0
291,1072222,370 Wadsworth,Pismo Beach,2800000,8,3,3542.0
292,1071670,1084 Karina,Arroyo Grande,1699000,5,4,4726.0
293,1069623,487 Dixson,Arroyo Grande,599900,3,3,1891.0
294,1071673,1342 13th,Los Osos,459000,3,2,1120.0
295,1073127,952 David,Santa Maria,380000,3,2,1198.0
296,1067579,2455 Sand Harbor,Paso Robles,460000,3,3,2440.0
297,1071677,2017 Western,Santa Maria,360000,4,3,1889.0
298,1071678,3956 Constellation,Lompoc,349900,3,2,1525.0
299,1071679,4310 Jardine,Paso Robles,389900,3,2,1208.0
300,1071680,1345 Fountain,Santa Maria,389000,3,3,1697.0
301,1071681,173 Alder,Arroyo Grande,549000,4,2,1625.0
302,1071682,1218 Southwood,San Luis Obispo,559000,2,2,1783.0
303,1071683,925 Rachel,San Luis Obispo,783988,3,3,1646.0
304,1071684,1580 Chilton,Arroyo Grande,699900,3,3,2007.0
305,1071542,538 Clark,Santa Maria,299000,3,2,1688.0
306,1071686,Address Not Available,Lompoc,379900,3,2,1639.0
307,1071687,211 Valhalla,Solvang,1025000,3,3,3042.0
308,1071688,2283 Cranesbill,Avila Beach,699000,2,3,1727.0
309,1067594,306 Alyssum,Nipomo,439000,3,2,1764.0
310,1071691,1195 Glines,Santa Maria,385000,4,2,1299.0
311,1071692,2140 Prospect,Paso Robles,575000,4,3,2226.0
312,1071693,1114 Thornburg,Santa Maria,310000,4,2,1464.0
313,1071695,3611 Cerrito,Santa Ynez,639000,3,2,1467.0
314,1070235,2422 Royal,Paso Robles,475000,3,3,2200.0
315,1071698,4570 Wavertree,San Luis Obispo,729000,4,3,2091.0
316,1071701,749 Mercury,Lompoc,499900,4,4,2528.0
317,1067606,2837 Old Wrangler,Paso Robles,357500,3,2,1704.0
318,1069941,5530 Capistrano,Atascadero,525000,3,2,2121.0
319,1069656,1650 Clark,Santa Maria,45500,2,2,1440.0
320,1070180,325 Palisade,Pismo Beach,1875000,3,3,1921.0
321,1065562,205 Vincente,Pismo Beach,975000,3,4,2150.0
322,1071707,6536 Turn Back,San Miguel,649000,3,3,2346.0
323,1071708,230 Lema,Nipomo,390000,3,2,1440.0
324,1071709,656 Mi Tierra,Santa Maria,465000,3,3,2178.0
325,1071710,1160 Kit,Santa Maria,425000,3,2,1500.0
326,1069663,1164 Pacific Pointe,Arroyo Grande,449000,3,2,1326.0
327,1071712,3444 Flower,Santa Maria,359900,3,2,1666.0
328,1071713,42875 Carmel Valley,Greenfield,1300000,3,3,2700.0
329,1065570,9510 Los Palos,Atascadero,775000,3,3,3512.0
330,1071715,430 Arcadia,Morro Bay,889000,3,2,1900.0
331,1071716,374 Mitchell,Los Osos,1200000,2,1,744.0
332,1071718,5116 Pembrook,Cambria,625000,2,2,1203.0
333,1071889,726 Arthur,Santa Maria,429000,3,2,1944.0
334,1071720,2047 Mariah,Santa Maria,414900,4,3,2003.0
335,1071721,233 Gardengate,Lompoc,515500,3,3,2327.0
336,1071722,263 Luneta,San Luis Obispo,749000,4,3,1824.0
337,1071723,4020 Sagan,Lompoc,520000,4,4,2631.0
338,1071724,5424 Via Ranchitos,Atascadero,449900,3,2,1383.0
339,1071725,3580 Sunburst,Paso Robles,529000,4,2,1759.0
340,1071726,5415 Regio,Atascadero,419900,3,2,1180.0
341,1071727,637 Grande,Nipomo,569000,3,2,1600.0
342,1067632,1671 Southfork,Paso Robles,485000,4,3,2307.0
343,1071729,2340 Timsbury,Santa Maria,374900,3,3,2175.0
344,1071731,365 Placentia,Pismo Beach,1625000,3,2,1790.0
345,1071732,1830 Tularosa,Lompoc,1029900,3,3,2711.0
346,1071733,1878 Willingham,Santa Maria,496235,4,4,1947.0
347,1071734,1889 Silva,Santa Maria,459891,3,3,1855.0
348,1071735,1869 Silva,Santa Maria,467662,3,2,1734.0
349,1067640,279 Lawrence,San Luis Obispo,995000,3,3,2547.0
350,1072916,426 Cambridge,Cambria,949000,3,3,2537.0
351,1071738,118 Riverside,Santa Maria,275000,3,2,1245.0
352,1067643,1490 Dove Meadow,Solvang,2750000,6,7,7386.0
353,1071740,680 Meadow Oak,Arroyo Grande,1799000,5,5,3972.0
354,1068138,5400 San Anselmo,Atascadero,399000,3,2,1197.0
355,1071742,279 Pinecrest,Nipomo,449000,3,2,1654.0
356,1071743,341 Stimson,Pismo Beach,899000,2,3,1703.0
357,1071744,3121 Sandalwood,Morro Bay,599000,2,2,1116.0
358,1071745,4675 Creekside,Paso Robles,265000,2,3,1321.0
359,1071746,505 Ferrocarril,Atascadero,184900,1,1,480.0
360,1071747,2619 Rubel,Santa Maria,395000,3,2,1828.0
361,1065604,610 Sheehy,Nipomo,925000,4,1,1978.0
362,1071749,1432 Florette,Santa Maria,609900,4,3,2911.0
363,1059462,1535 Linda Vista,Santa Ynez,1895000,4,5,-1.0
364,1071553,5225 Ensenada,Atascadero,474900,4,2,1698.0
365,1071752,331 Oak Hill,Paso Robles,395900,3,3,1500.0
366,1071753,519 Taylor,Santa Maria,59900,2,2,1344.0
367,1071754,309 Concord,Santa Maria,249900,2,3,1656.0
368,1069847,4720 Lamplighter,Paso Robles,933000,5,3,3595.0
369,1067662,3535 Blackhawk,Templeton,1335000,6,5,5542.0
370,1071761,1235 Sage,Arroyo Grande,439900,2,1,992.0
371,1069715,441 Ocean View,Pismo Beach,485000,3,3,1122.0
372,1071764,4362 Wavertree,San Luis Obispo,749000,3,3,1827.0
373,1071766,3780 Highway 41,Templeton,525000,3,2,2268.0
374,1071767,4002 Berwyn,Santa Maria,94900,2,2,1440.0
375,1071768,7478 Santa Ysabel,Atascadero,205000,2,1,858.0
376,1071556,2861 Burton,Cambria,499000,3,2,1688.0
377,1071770,10770 Santa Ana,Atascadero,839000,3,4,2700.0
378,1071772,550 Villa Lots,Paso Robles,729000,4,2,2043.0
379,1069728,940 Wadsworth,Pismo Beach,849900,3,2,2012.0
380,1068144,1408 Michael,Lompoc,349900,3,3,1612.0
381,1072923,71 Valley View,Pismo Beach,840000,3,3,1997.0
382,1071780,9144 Arbol Del Rosal,Atascadero,339000,2,3,1468.0
383,1071781,2001 Cathedral Canyon,Paso Robles,475000,3,2,1938.0
384,1071784,727 Ramona,Grover Beach,325000,2,1,784.0
385,1071785,325 Worcester,Cambria,1488000,3,2,1397.0
386,1071786,213 Knights,Santa Maria,185500,2,2,1206.0
387,1065415,2726 Grand,Los Olivos,749000,2,2,2032.0
388,1071788,2270 Callender,Arroyo Grande,875000,4,3,3080.0
389,1071789,411 Foothill,San Luis Obispo,289500,1,1,600.0
390,1071790,341 Stimson,Pismo Beach,895000,2,3,1671.0
391,1071791,341 Stimson,Pismo Beach,895000,2,3,1671.0
392,1071792,341 Stimson,Pismo Beach,899000,3,3,1727.0
393,1071794,4383 Harmony,Santa Maria,389000,3,2,1307.0
394,1071795,236 San Fernando,Paso Robles,359000,3,2,1415.0
395,1071796,1401 Christina,Santa Maria,315000,3,2,1250.0
396,1071797,34001 Road 140,Visalia,979000,3,4,3500.0
397,1071798,644 Patricia,San Luis Obispo,864000,4,3,2111.0
398,1067703,1790 Waterview,Nipomo,699999,2,2,2017.0
399,1071800,3335 Via Arnez,Lompoc,300000,3,2,1247.0
400,1069753,8225 Nacimiento Lake,Paso Robles,1199900,4,4,3477.0
401,1071802,539 De Armond,Santa Maria,314900,3,2,1203.0
402,1071803,210 Cranberry,Arroyo Grande,449900,2,2,1254.0
403,1071804,713 Cornwall,Arroyo Grande,469000,2,2,1152.0
404,1059274,9986 Flyrod,Paso Robles,536900,3,2,2446.0
405,1071806,Address Not Available,Atascadero,265000,2,2,1066.0
406,1070197,442 Oahu,Morro Bay,699900,3,3,1832.0
407,1071809,1675 Los Osos Valley,Los Osos,139000,2,2,1056.0
408,1071810,200 Surf,Pismo Beach,699000,3,2,1565.0
409,1071811,1310 Coloma,Nipomo,1100000,4,4,3563.0
410,1071812,3259 Ocean,Cayucos,849000,2,3,1544.0
411,1071814,1613 Gathe,San Luis Obispo,217000,2,2,1560.0
412,1069767,515 Avenida Montecito Verde,Nipomo,364990,3,2,1068.0
413,1069768,3121 Calle Noguera,Santa Barbara,999900,2,1,980.0
414,1071817,2360 Greenwood,Morro Bay,525000,2,1,958.0
415,1061578,1195 Loose Horse,Paso Robles,1225000,4,4,3000.0
416,1071819,727 Manhattan,Grover Beach,429000,3,3,1161.0
417,1071820,245 Granite,Templeton,565000,3,3,2099.0
418,1071821,357 7th,Grover Beach,429000,3,3,1161.0
419,1071822,534 Poppy,Santa Maria,379000,3,2,1847.0
420,1067727,697 Avocet,Arroyo Grande,898900,4,3,3167.0
421,1071825,525 Grande,Nipomo,239000,2,2,840.0
422,1071826,3290 Ridge View,Santa Maria,149999,2,2,1668.0
423,1071831,1280 Lassen,Nipomo,689000,3,3,2046.0
424,1071832,288 Camp,Guadalupe,145000,2,2,912.0
425,1071833,7485 Sombrilla,Atascadero,337500,2,1,770.0
426,1071834,154 Silver Shoals,Pismo Beach,2595000,3,3,2512.0
427,1071835,579 Victorian,Arroyo Grande,549000,3,3,1705.0
428,1071836,475 Via Las Aguilas,Arroyo Grande,964950,3,3,2325.0
429,1071837,1567 8th,Los Osos,439500,2,1,890.0
430,1069861,150 Branch,Pismo Beach,275000,2,2,915.0
431,1071840,1764 8th,Los Osos,685000,3,2,2352.0
432,1071842,765 Mesa View,Arroyo Grande,160000,3,2,1350.0
433,1071843,412 Navajo,Paso Robles,439000,3,2,1448.0
434,1071844,76945 Indian Valley,San Miguel,1775000,4,3,3507.0
435,1071845,5710 Olmeda,Atascadero,449999,3,1,1316.0
436,1071846,4664 Mananita,Atascadero,389000,3,2,1327.0
437,1071848,661 La Vista,Arroyo Grande,399000,3,1,1005.0
438,1071849,333 Linda,Santa Barbara,925000,3,2,1010.0
439,1071850,964 Tarragon,San Luis Obispo,424900,2,3,1417.0
440,1071851,8624 Paseo De Vaca,Atascadero,529000,3,3,2081.0
441,1071853,3570 Lakeside Village,Paso Robles,459000,4,3,2552.0
442,1064013,4571 Windward,Paso Robles,179900,2,2,1152.0
443,1071856,1315 Newport,Grover Beach,349000,2,1,912.0
444,1071857,3960 Higuera,San Luis Obispo,99500,2,1,788.0
445,1069810,871 Ocean,Cayucos,3000000,2,2,1682.0
446,1047284,2073 Fixlini,San Luis Obispo,1150911,4,3,2628.0
447,1071861,1795 Pacific,Cayucos,990000,2,1,1037.0
448,1071583,2849 Starfire,Santa Maria,414900,3,2,1753.0
449,1071863,873 Tanis,Nipomo,495950,3,2,1774.0
450,1072947,408 Sword,Santa Maria,519000,4,3,2654.0
451,1071867,696 January,Nipomo,525000,3,2,1803.0
452,1071869,600 Coleman,Lompoc,424500,3,2,1896.0
453,1071870,2575 Elm,Morro Bay,699000,3,3,1737.0
454,1071871,501 Harding,Santa Maria,339000,3,2,1238.0
455,1071872,2397 Alban,Cambria,529900,3,3,1543.0
456,1071873,226 Kendal,Cambria,1549000,3,3,2307.0
457,1071874,515 Oak Park,Arroyo Grande,525000,3,3,1360.0
458,1071875,1679 Trilogy,Nipomo,1050000,2,3,2071.0
459,1071877,514 Sunset,Santa Maria,272000,3,2,1050.0
460,1071878,700 Saint Mary,Cayucos,895000,4,3,1704.0
461,1073060,46 Cypress Glen,Cayucos,925000,3,3,2018.0
462,1071880,1675 Los Osos Valley,Los Osos,200000,2,2,1440.0
463,1071881,3655 Constellation,Lompoc,208000,2,3,1126.0
464,1071882,753 Rain Tree,Santa Maria,499900,4,2,1950.0
465,1071883,259 Burton Mesa,Lompoc,180000,3,2,1100.0
466,1071884,68 Stanford,Lompoc,340000,2,2,1789.0
467,1071886,2325 Cordoban,Santa Maria,349900,3,3,1683.0
468,1071887,4156 Oakwood,Lompoc,315000,2,2,1629.0
469,1071888,1287 Stubblefield,Santa Maria,398000,4,2,1989.0
470,1069841,880 Amethyst,Santa Maria,599900,4,3,2567.0
471,1071891,1133 Linda,Paso Robles,415000,3,2,1344.0
472,1071892,1331 4th,Los Osos,295000,2,1,988.0
473,1071894,166 Kent,Nipomo,369000,3,2,1160.0
474,1071895,1308 Jason,Lompoc,389000,4,3,1973.0
475,1071896,9156 Santa Barbara,Atascadero,609000,3,2,2004.0
476,1071897,5690 Farousse,Paso Robles,374900,3,2,1408.0
477,1071898,1585 Fire Rock,Templeton,1395000,4,5,4361.0
478,1071901,50920 Pine Canyon,King City,537500,4,2,2254.0
479,1071903,723 Voyager,Lompoc,449900,4,3,1800.0
480,1071905,2545 Lupine Canyon,Avila Beach,1050000,3,3,2208.0
481,1071906,581 Pine,Solvang,619000,3,1,1399.0
482,1071907,412 Calle Alto,Paso Robles,790000,4,3,3000.0
483,1071908,536 San Antonio,Santa Maria,459900,4,2,1713.0
484,1071909,201 Nacimeinto Lake,Paso Robles,437500,3,2,1768.0
485,1071910,3478 Via Barba,Lompoc,290000,3,2,1741.0
486,1071912,370 Scott,Paso Robles,379900,4,2,1296.0
487,1071913,4070 Jardine,Paso Robles,499900,3,2,1350.0
488,1071916,3173 Fairlea,Santa Ynez,1100000,3,3,3132.0
489,1071917,1208 Grassy Hollow,Paso Robles,498000,3,2,1921.0
490,1073017,1213 Timothy,Lompoc,325000,3,3,1612.0
491,1071920,638 Nickerson,Paso Robles,479900,3,2,1820.0
492,1071923,9030 Curbaril,Atascadero,385000,3,2,1467.0
493,1071924,122 Ramona,San Luis Obispo,579000,4,2,1315.0
494,1071926,3460 Catalina,Paso Robles,545000,3,2,2115.0
495,1071927,7210 Shalerock,Paso Robles,489000,3,2,2029.0
496,1071928,3154 Wood,Cambria,519000,3,2,1577.0
497,1071929,20 Villa,San Luis Obispo,430000,2,2,1002.0
498,1071930,73052 Monterey,Bradley,199900,3,2,1200.0
499,1071931,1701 Thornburg,Santa Maria,39000,3,2,1440.0
500,1071933,1637 Pine,Lompoc,314900,3,2,1010.0
501,1071934,5750 Telephone,Santa Maria,399000,3,2,1584.0
502,1071935,14455 Cunningham,Santa Margarita,175000,1,1,720.0
503,1071936,4450 Deer Creek,Paso Robles,299800,3,2,1176.0
504,1071937,733 Greystone,San Luis Obispo,1485000,5,5,3500.0
505,1071938,3500 La Entrada,Santa Barbara,1550000,3,3,2378.0
506,1071941,1740 Bayview,Santa Maria,369000,3,2,1582.0
507,1069895,3623 Via Orilla,Lompoc,295500,4,2,1338.0
508,1071944,12275 Alondra,Atascadero,749900,3,3,3252.0
509,1071946,2475 Country,Santa Maria,220000,2,2,912.0
510,1071947,1612 Huckleberry,San Luis Obispo,895000,4,2,2218.0
511,1071948,1024 Colebrook,Santa Maria,299900,3,2,1558.0
512,1071949,1244 Highland,Santa Ynez,1150000,5,3,2558.0
513,1067854,1262 Mesa,Nipomo,799900,3,3,2482.0
514,1071951,1206 East,Santa Maria,290000,3,1,1080.0
515,1071952,3140 Box Canyon,Santa Ynez,2395000,4,4,3886.0
516,1071953,350 Uranus,Nipomo,179900,2,2,1248.0
517,1071954,2948 Alta,Los Olivos,969000,3,3,2526.0
518,1071956,377 Sunrise,Arroyo Grande,305000,2,2,1497.0
519,1071957,449 Terrace,Nipomo,729900,3,3,2141.0
520,1071959,1352 Cove,Oceano,389000,3,2,1258.0
521,1071960,505 Saint Mary,Cayucos,1249000,4,4,3072.0
522,1071961,7777 Del Rio,Atascadero,565000,3,3,1902.0
523,1071963,425 Alvin,Santa Maria,353000,3,3,1545.0
524,1071965,801 Halcyon,Arroyo Grande,220000,3,2,1560.0
525,1071966,160 Hercules,Lompoc,388000,3,2,1756.0
526,1071967,5156 Hillcrest,Cambria,764500,2,2,1524.0
527,1071968,1911 Rambouillet,Paso Robles,574900,4,2,2238.0
528,1071969,348 Wellington,Cambria,919000,3,4,2260.0
529,1071970,411 Woodbridge,San Luis Obispo,868000,3,3,2766.0
530,1071972,3741 Les Maisons,Santa Maria,395000,3,2,1568.0
531,1071973,416 Elm,Arroyo Grande,484900,3,3,1544.0
532,1071974,225 Walnut,Arroyo Grande,579000,3,2,1512.0
533,1071975,3260 El Rancho,Arroyo Grande,860000,3,2,2975.0
534,1071976,860 Peregrine,Nipomo,459000,3,2,1656.0
535,1071977,5596 Windsor,Cambria,999000,3,3,2434.0
536,1067883,329 Bobwhite,Paso Robles,199500,2,2,1861.0
537,1071981,150 Branch,Pismo Beach,275000,2,2,915.0
538,1071982,5550 Sawgrass,Wasco,209500,4,2,1460.0
539,1071983,5555 St Andrews,Wasco,204500,4,2,1460.0
540,1069936,151 Avenida De Diamante,Arroyo Grande,953900,3,3,2482.0
541,1071985,317 Primrose,Paso Robles,385000,3,2,1378.0
542,1071987,1960 McClelland,Santa Maria,196000,2,2,1027.0
543,1071988,1512 7th,Los Osos,499900,2,1,1056.0
544,1069886,922 Highland,Los Osos,835000,4,3,2660.0
545,1071991,1031 Farroll,Arroyo Grande,479000,3,2,1753.0
546,1071993,17 Quail Ridge,Atascadero,285000,2,2,994.0
547,1071994,3316 Rucker,Lompoc,299900,3,2,1412.0
548,1071995,5995 Tecorida,Atascadero,275000,1,1,783.0
549,1071996,4286 Ridgecrest,Santa Maria,350000,3,2,1193.0
550,1071997,1637 Summer Creek,Paso Robles,425500,3,2,1640.0
551,1071999,1068 La Serenata,Nipomo,625000,1,2,1140.0
552,1072001,4492 Falcon,Lompoc,485000,4,3,2436.0
553,1072002,7220 Cortez,Atascadero,405000,3,2,1278.0
554,1072003,430 K,Lompoc,260000,3,1,1237.0
555,1072006,3041 Cielo Grande,Atascadero,649900,3,2,2338.0
556,1072007,1500 Oakridge Park,Santa Maria,295000,2,2,1349.0
557,1072008,610 Sunrise,Santa Maria,259900,3,2,1128.0
558,1072009,1034 Hartley,Santa Maria,400000,3,3,1715.0
559,1072010,6605 Santa Ynez,Atascadero,515000,3,2,1934.0
560,1069963,1083 Lana,Paso Robles,353000,3,2,1176.0
561,1069964,2614 Captains,Bradley,265000,3,2,1328.0
562,1072013,3210 Santa Maria,Santa Maria,59000,2,2,1488.0
563,1072015,3170 Christopher,Lompoc,560000,5,3,3021.0
564,1072016,3969 Cherry Hill,Santa Maria,249000,2,2,1344.0
565,1072019,250 StageCoach,Arroyo Grande,739000,4,2,2388.0
566,1072020,1519 Kronborg,Solvang,825000,3,2,2018.0
567,1065877,185 7th,Shandon,284999,3,2,1488.0
568,1072022,876 Foster,Santa Maria,329000,3,2,1303.0
569,1072023,1781 Manhattan,Grover Beach,324000,2,3,1112.0
570,1072024,250 Portland,Santa Maria,345000,4,3,1686.0
571,1072027,931 Inverness,Paso Robles,439000,3,2,1610.0
572,1072028,8210 Shirdon,Paso Robles,200000,1,2,1152.0
573,1072029,516 Starlight,Arroyo Grande,619000,3,2,1587.0
574,1072030,661 Funston,San Luis Obispo,740000,4,3,1762.0
575,1072031,529 Longbranch,Grover Beach,379000,2,2,1149.0
576,1072032,940 Taft,Pismo Beach,769000,4,3,2950.0
577,1072033,729 Bello,Pismo Beach,399000,2,1,841.0
578,1072034,2906 Gilead,Paso Robles,544000,3,2,2016.0
579,1072035,1626 Shepherd,Paso Robles,275000,2,2,1088.0
580,1069988,868 Vista Del Arroyo,San Luis Obispo,657000,4,3,1484.0
581,1068520,1405 College,Santa Maria,365000,3,3,1938.0
582,1072038,936 Salisbury,Santa Maria,239900,2,2,1200.0
583,1072039,3425 La Luz,Atascadero,450000,3,2,1650.0
584,1072040,3467 Satinwood,Santa Maria,299900,3,2,1245.0
585,1072041,780 Panorama,Pismo Beach,499900,2,2,1212.0
586,1072042,633 Ramona,Los Osos,299000,2,2,1440.0
587,1069995,1142 Tyler,Nipomo,699000,2,2,2025.0
588,1072044,2201 Hermosa,Lompoc,234900,2,2,1104.0
589,1072045,436 Calle Bonita,Santa Maria,324900,2,2,1284.0
590,1072046,1926 Fieldstone,Paso Robles,459000,3,2,1779.0
591,1072048,123 15th,Paso Robles,450000,3,2,1680.0
592,1072968,6499 Serra,Atascadero,369000,3,3,1272.0
593,1072050,541 Cameo,Arroyo Grande,669000,3,2,1719.0
594,1072051,7605 Castano,Atascadero,449900,3,2,1356.0
595,1062046,215 Princessa,Pismo Beach,960000,3,2,2216.0
596,1072054,Address Not Available,Lompoc,305000,3,2,1652.0
597,1070008,1831 Nathan,Nipomo,759000,3,3,2812.0
598,1072057,1750 Ridge,Templeton,999000,3,4,3971.0
599,1072058,425 Jensen,Paso Robles,1150000,5,4,3350.0
600,1070013,5224 Barrenda,Atascadero,475000,4,3,2073.0
601,1072062,4650 Davenport Creek,San Luis Obispo,999000,3,2,1233.0
602,1067968,448 Stanley,Santa Barbara,1329000,3,2,1433.0
603,1070240,310 Sandpiper,Oceano,999000,5,3,2548.0
604,1072066,830 Union,Santa Maria,495000,2,1,908.0
605,1072067,5995 Rocky Canyon,Atascadero,949000,3,3,2316.0
606,1068352,13898 Diamond Springs,Santa Margarita,199900,3,2,1300.0
607,1072071,1462 13th,Los Osos,485000,3,2,1225.0
608,1072072,547 Dana,San Luis Obispo,899000,3,2,1280.0
609,1072077,1370 Grand,Grover Beach,99000,2,2,960.0
610,1072078,7557 Town Creek,Paso Robles,1093000,5,4,4745.0
611,1072973,1050 Semillon,Templeton,835000,4,3,2825.0
612,1072080,2231 Hill Haven,Solvang,1295000,3,3,2945.0
613,1072081,2200 Tully,Cambria,559000,4,3,2104.0
614,1071530,2520 Santa Ynez,Los Olivos,2475000,3,3,2220.0
615,1072083,439 Oak Park,Arroyo Grande,489000,3,3,1360.0
616,1072084,1105 G,Lompoc,389900,4,2,1700.0
617,1072085,1725 15th,Oceano,420000,3,2,1396.0
618,1067991,4670 Dry Creek,Paso Robles,435000,3,3,1801.0
619,1070040,749 Asilo,Arroyo Grande,775000,3,2,2145.0
620,1072089,819 Peterson Ranch,Templeton,619000,4,3,2103.0
621,1072091,1709 Odin,Solvang,842650,4,3,2583.0
622,1072092,6232 Merlot,Paso Robles,439900,4,2,1516.0
623,1072093,4227 Constellation,Lompoc,375500,3,2,2059.0
624,1072096,4524 Kapalua,Santa Maria,869900,4,3,2950.0
625,1072097,1762 Viborg,Solvang,925000,3,3,2347.0
626,1069607,7935 Portola,Atascadero,377900,2,2,1004.0
627,1072099,551 Stoneridge,San Luis Obispo,779000,3,3,2355.0
628,1072101,529 Zanzibar,Morro Bay,670000,2,2,960.0
629,1072102,2250 King,San Luis Obispo,443900,2,2,1256.0
630,1072103,22 Via Santa Barbara,Paso Robles,235000,2,2,1760.0
631,1072104,1123 Via Asueto,Santa Maria,59900,2,2,1440.0
632,1072105,260 Prescott,Santa Maria,299900,2,1,768.0
633,1072107,3456 Via Cortez,Lompoc,284900,3,2,1222.0
634,1072108,1655 Trilogy,Nipomo,860000,2,4,2007.0
635,1072109,529 College,Santa Maria,335000,4,2,1368.0
636,1070062,1411 San Diego,Grover Beach,649000,3,3,1852.0
637,1072111,240 3rd,Solvang,445000,1,1,914.0
638,1072112,1385 Diablo,San Luis Obispo,590000,2,2,1513.0
639,1070065,553 Sweet Rain,Goleta,680000,3,3,1779.0
640,1070931,1070 Bodega,Grover Beach,619000,3,2,1827.0
641,1072116,2931 Lorencita,Santa Maria,790000,3,3,3554.0
642,1072117,6075 Nacimiento Shores,Bradley,450000,3,2,1300.0
643,1072118,222 Larkspur,Santa Maria,440000,2,2,1682.0
644,1072119,3336 Harbor,Paso Robles,150000,2,1,819.0
645,1072120,1130 Woodside,San Luis Obispo,709000,3,3,2211.0
646,1072121,1613 Ramona,Grover Beach,309000,2,2,1060.0
647,1068026,4287 Brentwood,Santa Maria,399999,3,2,1656.0
648,1072123,1455 Primavera,Nipomo,599900,3,2,1668.0
649,1070076,4720 Mallard,Paso Robles,399000,3,3,1768.0
650,1072125,3510 Yosemite,Paso Robles,639000,8,4,4356.0
651,1070079,1424 Pacific,Cayucos,2875000,3,3,1850.0
652,1072128,2664 River,Paso Robles,799900,3,3,2712.0
653,1065985,1443 Newport,Arroyo Grande,626000,5,2,2744.0
654,1072132,247 Silver Oak,Paso Robles,649000,4,3,3220.0
655,1072135,11805 Cenegal,Atascadero,699900,4,2,2368.0
656,1072139,704 Southbrook,Lompoc,394900,4,3,1987.0
657,1072140,200 Village Circle,Lompoc,184900,2,2,1263.0
658,1072141,603 Via Firenze,Arroyo Grande,939000,3,4,2619.0
659,1072143,1640 Leah,Paso Robles,579000,4,4,2681.0
660,1072144,1046 Samantha,Paso Robles,399900,3,2,1448.0
661,1072145,1184 Bauer,Santa Maria,325000,4,2,1299.0
662,1072148,633 Ramona,Los Osos,235000,2,2,1296.0
663,1072149,801 Terry,Santa Maria,349900,3,2,1302.0
664,1072150,571 Citation,Out Of Area,850000,4,3,2586.0
665,1072151,195 Foothill,Pismo Beach,1295000,3,3,2456.0
666,1072152,432 Exeter,Cambria,1495000,4,4,3625.0
667,1072153,2843 Cottage,Paso Robles,358000,3,3,1481.0
668,1072154,1442 Manhattan,Grover Beach,429000,2,1,984.0
669,1072155,2230 Valley Oaks,Arroyo Grande,2285000,4,7,5654.0
670,1072156,107 Indio,Pismo Beach,2495000,3,2,1593.0
671,1068061,3395 Higuera,San Luis Obispo,119000,2,1,908.0
672,1070111,2725 Hawk View,Arroyo Grande,1125000,4,4,2770.0
673,1072160,1865 Silva,Santa Maria,429000,3,2,1570.0
674,1072161,621 Valley Oak,Solvang,851200,3,4,2360.0
675,1072987,1720 Rio Vista,Santa Maria,279500,2,2,1078.0
676,1072166,1002 Stokes,Santa Maria,340000,4,2,1435.0
677,1072167,1633 Front,Oceano,340000,2,2,1126.0
678,1072168,402 Evergreen,Santa Maria,292000,4,2,1604.0
679,1072169,519 Taylor,Santa Maria,48000,2,2,1440.0
680,1072170,518 Bluerock,San Luis Obispo,825000,3,3,2018.0
681,1072171,2349 Eastbury,Santa Maria,349900,3,3,1896.0
682,1072172,5760 Olmeda,Atascadero,385000,3,3,1460.0
683,1072173,5750 Olmeda,Atascadero,355000,2,2,1003.0
684,1072174,710 School,Santa Maria,305000,3,2,1540.0
685,1072175,229 Branch,San Luis Obispo,649000,3,2,1223.0
686,1072177,7900 Cortez,Atascadero,369000,3,2,1200.0
687,1072179,22313 F,Santa Margarita,350000,3,1,920.0
688,1072180,829 Camino Colegio,Santa Maria,299000,3,1,1080.0
689,1063989,678 Randall,Cambria,975000,3,3,2426.0
690,1072184,1383 Fairway,San Luis Obispo,687000,4,2,1657.0
691,1072185,567 Bernardo,Morro Bay,795000,3,4,2112.0
692,1072186,1460 25th,Oceano,479900,3,2,1583.0
693,1072187,519 Taylor,Santa Maria,43990,2,2,-1.0
694,1072188,621 Nicklaus,Paso Robles,359900,3,3,1621.0
695,1072190,71 Chuparrosa,San Luis Obispo,650000,3,3,1703.0
696,1072191,4660 Silver Saddle,Paso Robles,289000,3,2,1215.0
697,1072192,4400 Out Of Area,Bakersfield,825000,4,2,2773.0
698,1072193,105 8th,Cayucos,1150000,4,3,2500.0
699,1072194,410 Peachtree,Paso Robles,650000,3,3,2158.0
700,1072195,413 12th,Paso Robles,415000,2,1,1175.0
701,1072196,224 Kern,Morro Bay,1236000,3,3,2100.0
702,1072197,2983 Courtney,Lompoc,530000,3,3,2429.0
703,1070150,1480 Penman Springs,Paso Robles,499000,2,2,1344.0
704,1070151,553 Palisade,Santa Maria,529000,4,3,2746.0
705,1070152,616 4th,Paso Robles,299000,2,2,1110.0
706,1072201,475 South Bay,Morro Bay,159000,1,1,600.0
707,1072203,818 Alvin,Santa Maria,339000,4,2,1368.0
708,1072204,58 Los Palos,San Luis Obispo,489500,3,2,1293.0
709,1072205,2237 Cordoban,Santa Maria,359900,3,3,1874.0
710,1072206,2920 Avenida Caballo,Santa Ynez,1495000,3,3,2644.0
711,1072208,2406 Balboa,Lompoc,229000,3,2,1342.0
712,1072209,10506 Cuesta,Atascadero,310000,3,2,1680.0
713,1072210,1594 Stormy,Paso Robles,459000,3,2,1625.0
714,1066139,295 Ash,Cayucos,1495000,4,5,2890.0
715,1073095,1207 Dorothy,Paso Robles,379900,3,2,1026.0
716,1072215,8155 San Andres,Atascadero,424900,2,1,1584.0
717,1072216,541 Bakeman,Arroyo Grande,379900,2,1,1008.0
718,1072217,151 View Park,Santa Maria,275000,3,2,1409.0
719,1072218,1545 Camino Mariposa,Nipomo,849900,4,2,2404.0
720,1072219,760 Huntington,Cambria,529000,2,3,1765.0
721,1072221,656 Nipomo Oaks,Nipomo,425000,3,3,1584.0
722,1066078,723 Balboa,Grover Beach,600000,3,3,2133.0
723,1072223,126 Florin,Pismo Beach,1425000,3,2,2050.0
724,1066080,185 3rd,Shandon,289000,4,3,1672.0
725,1068129,691 Price,Pismo Beach,569000,2,2,884.0
726,1072226,1308 Willow,Lompoc,329900,4,2,1220.0
727,1072227,1771 Lyn,Arroyo Grande,1269000,4,3,3115.0
728,1072228,1018 Susan,Santa Maria,389000,3,2,1828.0
729,1072229,234 Kim Sue,Buellton,539000,3,3,1596.0
730,1072230,374 Junipero,San Luis Obispo,739000,3,3,2076.0
731,1072231,9900 Carmelita,Atascadero,874900,3,3,2253.0
732,1072233,1101 Shannon,Arroyo Grande,739000,4,3,1682.0
733,1072234,1012 Upper Los Berros,Nipomo,950000,2,2,3000.0
734,1068139,7345 San Gregorio,Atascadero,515000,4,3,1816.0
735,1072237,210 Las Flores,Nipomo,531900,3,2,1857.0
736,1072238,880 Alyssum,San Luis Obispo,529000,2,2,1078.0
737,1072240,7055 Adelaida,Paso Robles,1745000,4,3,2240.0
738,1072241,1160 Royal Oak,Arroyo Grande,899000,3,3,2480.0
739,1072242,2665 Edgewood,Paso Robles,535000,3,3,2000.0
740,1072244,538 Garnet,Santa Maria,399900,4,3,1879.0
741,1072245,4750 Blosser,Santa Maria,184900,2,2,1600.0
742,1068150,1786 Trilogy,Nipomo,769000,2,2,1911.0
743,1072247,2861 Ridge,Santa Ynez,2995000,3,4,4931.0
744,1072249,266 Foxenwood,Santa Maria,599777,3,2,2066.0
745,1072250,530 Santa Cruz,Santa Maria,359900,3,2,1426.0
746,1072251,217 Cima De Colina,Pismo Beach,1150000,3,3,2502.0
747,1072253,680 Golden Grove,Arroyo Grande,819000,4,3,2584.0
748,1072254,2410 K,Santa Margarita,250000,4,3,2016.0
749,1072256,501 Heritage,Los Alamos,589000,4,2,2112.0
750,1072257,114 Brookline,Templeton,469000,3,2,1833.0
751,1071979,928 Torrey Pines,Paso Robles,449000,3,3,1537.0
752,1072262,1623 Pacific Grove,Santa Maria,259000,3,3,1491.0
753,1070215,1823 Nathan,Nipomo,715000,3,2,2007.0
754,1072264,1170 Redberry,Nipomo,615000,3,2,2250.0
755,1072265,480 Mar Vista,Los Osos,435000,2,2,827.0
756,1072266,1255 Orcutt,San Luis Obispo,169000,2,1,800.0
757,1072267,2504 Calderon,Santa Maria,465000,4,3,2275.0
758,1072268,1290 Kenwood,Santa Barbara,1349900,4,4,1988.0
759,1070221,657 Matthew,Arroyo Grande,935000,3,3,2665.0
760,1072270,731 Piney,Morro Bay,579000,2,3,1475.0
761,1072271,1617 Ramona,Grover Beach,299900,2,2,1060.0
762,1072272,1308 A,Lompoc,342900,3,2,1815.0
763,1072274,658 Woodland,Arroyo Grande,589000,3,2,1615.0
764,1070275,5350 Olive Hill,Santa Maria,729000,4,3,3344.0
765,1072276,4428 Village Knoll,Santa Maria,419500,3,2,1421.0
766,1072277,313 M,Lompoc,180000,3,2,1371.0
767,1069540,1215 Golden,Santa Maria,245000,3,2,1040.0
768,1072280,586 Binscarth,Los Osos,429000,2,2,1181.0
769,1072281,9167 Casero,Atascadero,469900,4,3,2251.0
770,1073143,1619 Western,Santa Maria,295000,3,2,1053.0
771,1072283,1726 Adelyne,Santa Maria,325000,3,2,1445.0
772,1072284,8445 Los Osos,Atascadero,725000,4,3,2574.0
773,1072286,230 Menlo,Buellton,498000,3,2,1668.0
774,1072287,2804 Cottage,Paso Robles,355000,3,3,1197.0
775,1072288,1007 Jacqueline,Nipomo,699900,3,3,2325.0
776,1072289,265 Moon Dance,Santa Maria,359000,3,3,1347.0
777,1072290,1057 Armstrong,Lompoc,379900,3,2,1247.0
778,1072291,1280 Saint Andrews,Nipomo,639000,3,3,2121.0
779,1072292,425 Soares,Santa Maria,375500,2,2,1246.0
780,1072294,14595 Morro,Atascadero,589000,3,3,2064.0
781,1070250,1430 Railroad,Oceano,310000,2,2,935.0
782,1072528,6050 Brighton,Cambria,1390000,6,6,3120.0
783,1072304,374 Pier,Oceano,449000,4,2,1230.0
784,1072307,1900 Lincoln,Santa Maria,130000,3,2,1240.0
785,1072308,292 Sunrise Terrace,Arroyo Grande,285000,2,2,1484.0
786,1072309,849 Vista Del Sol,Santa Maria,65000,2,2,1248.0
787,1072312,1009 Walnut,Lompoc,165000,2,2,935.0
788,1070265,185 Andre,Arroyo Grande,1250000,4,4,3199.0
789,1072314,932 Jacqueline,Nipomo,794900,3,3,2703.0
790,1072316,765 Mesa View,Arroyo Grande,197500,4,2,1560.0
791,1072317,2760 Cedar,Morro Bay,550000,2,2,976.0
792,1070848,3866 Berwyn,Santa Maria,79000,2,2,1650.0
793,1072319,247 Brisa Del Mar,Lompoc,518000,3,2,2360.0
794,1072320,1249 Westbrook,Lompoc,389000,3,2,1791.0
795,1072323,2531 Cienaga,Oceano,159000,2,1,720.0
796,1066180,1031 Walnut,San Luis Obispo,669000,3,2,1326.0
797,1072325,610 Sunrise,Santa Maria,250000,2,2,1129.0
798,1072327,629 Northbrook,Lompoc,370000,3,3,1652.0
799,1068237,9215 North Forty,Atascadero,1088000,4,4,5323.0
800,1070292,3900 Hillview,Santa Maria,369500,3,2,1124.0
801,1064149,1180 The Pike,Arroyo Grande,449000,3,2,1513.0
802,1070295,768 El Morro,Los Osos,499900,2,2,1779.0
803,1072622,1330 Winegrape,Templeton,879000,4,4,2937.0
804,1071653,1115 Bell,Lompoc,175000,3,2,1436.0
805,1070277,7235 Nonpariel,Paso Robles,899000,3,3,2445.0
806,1070313,2101 Sunset,Morro Bay,499000,2,1,970.0
807,1070314,1425 New Wine,Templeton,699999,3,2,2406.0
808,1068267,2625 Nutmeg,Morro Bay,899000,3,3,2368.0
809,1073140,1353 Costa Brava,Pismo Beach,1299000,3,2,2059.0
810,1070329,1182 Pacific Pointe,Arroyo Grande,424900,3,2,1326.0
811,1066238,1489 Country,Santa Ynez,1399999,5,5,3162.0
812,1063809,1150 Button Sage,Arroyo Grande,1850000,5,7,5510.0
813,1069954,2233 Meridian,Lompoc,327900,3,3,1460.0
814,1073011,7355 Graves Creek,Atascadero,399950,2,1,1296.0
815,1070919,1305 Riverside,Lompoc,208900,3,2,1448.0
816,1070355,6335 Wild Horse,Paso Robles,675000,4,3,2760.0
817,1068309,2907 Mills,Cambria,442500,2,2,1286.0
818,1072965,1053 Trevor,San Luis Obispo,599000,3,3,1756.0
819,1068311,888 Saint Mary,Cayucos,997000,2,3,1702.0
820,1073028,740 Linwood,Santa Maria,375000,3,2,1794.0
821,1070362,345 Tiger Tail,Arroyo Grande,379000,2,2,1312.0
822,1070371,579 Camino Mercado,Arroyo Grande,353000,2,2,1053.0
823,1070374,960 Vista Verde,Nipomo,559900,4,2,2244.0
824,1067569,3575 Blackhawk,Templeton,627000,3,2,1724.0
825,1068328,947 Salisbury,Santa Maria,279900,4,3,1578.0
826,1068335,715 Leland,Paso Robles,460000,3,2,1405.0
827,1071943,3591 Sacramento,San Luis Obispo,549000,3,3,1659.0
828,1066294,1772 Blue,Nipomo,885000,3,4,3049.0
829,1070393,850 StageCoach,Arroyo Grande,699000,3,2,1656.0
830,1070399,633 Mayten,Santa Maria,360900,4,3,2061.0
831,1070400,765 Mesa View,Arroyo Grande,99000,2,2,1440.0
832,1054017,3520 Creston,Paso Robles,1975000,11,11,7732.0
833,1068354,701 Sierra Madre,Santa Maria,299900,3,2,1320.0
834,1072011,534 Northpoint,Santa Maria,325000,4,3,1580.0
835,1068358,13898 Diamond Springs,Santa Margarita,199900,3,2,1300.0
836,1062829,3231 Live Oak,Santa Ynez,1395000,3,2,2300.0
837,1072012,2950 Burton,Cambria,419000,2,2,946.0
838,1071671,3060 Country,Santa Ynez,1099000,5,5,4885.0
839,1065521,175 Foxenwood,Santa Maria,348000,2,3,2073.0
840,1070418,509 Putnam,Porterville,152900,3,2,1417.0
841,1070419,547 Kevin,Porterville,329500,4,4,2614.0
842,1070423,124 16th.,Paso Robles,479900,4,2,1682.0
843,1070427,5350 Hillcrest,Cambria,675000,3,2,2259.0
844,1068380,560 Polk,Out Of Area,99000,3,2,1542.0
845,1070429,3872 Seperado,Atascadero,575000,3,4,1931.0
846,1070432,975 Fredensborg Canyon,Solvang,1150000,4,3,3211.0
847,1069627,14270 Morningside,Atascadero,665000,3,3,1650.0
848,1070436,3171 Ocean,Cayucos,1197000,3,4,2885.0
849,1070439,451 Deer Canyon,Buellton,659900,3,3,1929.0
850,1052008,6685 El Pomar,Templeton,2250000,5,7,7050.0
851,1066345,7450 Santa Cruz,Atascadero,849500,4,5,5279.0
852,1070444,295 Broadway,Santa Maria,52000,2,2,1536.0
853,1066351,1146 Ash,Arroyo Grande,351000,3,3,1217.0
854,1070448,130 Conover,Templeton,775000,3,2,2379.0
855,1067376,Address Not Available,Santa Margarita,2875000,3,2,2200.0
856,1070450,22335 J,Santa Margarita,305000,2,1,1000.0
857,1068408,14175 Morro,Atascadero,675000,3,2,1574.0
858,1070458,1213 Ann,Santa Maria,339900,3,2,1228.0
859,1070460,555 Crown Hill,Arroyo Grande,639000,3,2,1900.0
860,1072021,1710 Condado Vista,Arroyo Grande,2350000,4,6,4160.0
861,1070466,579 Camino Mercado,Arroyo Grande,290000,2,2,960.0
862,1070467,4405 Rosita,Atascadero,429900,3,2,1552.0
863,1070468,2726 Brisa Blanda,Arroyo Grande,589000,3,2,1725.0
864,1069975,3 La Entrada,San Luis Obispo,759000,4,3,2244.0
865,1068428,765 Mesa View,Arroyo Grande,155000,3,2,1536.0
866,1068432,2607 Johnson,San Luis Obispo,899900,4,3,1754.0
867,1069976,2875 Baseline,Santa Ynez,1650000,4,4,3196.0
868,1070482,2583 Hemlock,Morro Bay,697000,3,3,1678.0
869,1068185,1250 Hans Park,Solvang,733000,3,2,1634.0
870,1068437,6855 Golden Pheasant,Creston,595000,3,1,1200.0
871,1073049,67 South,San Luis Obispo,569000,2,2,1102.0
872,1070488,1212 Flora,Arroyo Grande,899000,3,3,1860.0
873,1069636,429 Santa Anita,Santa Maria,439999,3,2,1511.0
874,1066397,765 Mesa View,Arroyo Grande,79000,2,1,1300.0
875,1070156,349 Downing,Santa Maria,330000,3,2,1290.0
876,1068449,4942 Bucktail,Paso Robles,254000,2,2,1165.0
877,1072970,2430 Parkhill,Santa Margarita,399900,2,1,1556.0
878,1070512,12005 San Antonio,Atascadero,949000,5,4,3449.0
879,1070106,4670 Rolling Hills,Paso Robles,429000,3,2,1898.0
880,1068468,221 Crosby,Nipomo,395000,3,2,1400.0
881,1069982,1523 Kronborg,Solvang,749900,3,2,2093.0
882,1070518,479 Plymouth,Cambria,765000,3,3,1601.0
883,1062328,7586 Balboa,Atascadero,891000,5,6,5476.0
884,1071690,2310 Sunset,San Luis Obispo,999000,4,3,2460.0
885,1072928,141 Flag,Paso Robles,255000,2,2,1120.0
886,1071675,1012 Patterson,Santa Maria,649000,3,3,2586.0
887,1070531,14320 El Monte,Atascadero,649000,4,3,2558.0
888,1073020,661 Rosemary,Arroyo Grande,1245000,4,3,3300.0
889,1070534,1773 6th,Los Osos,699777,3,3,2500.0
890,1070536,8900 Junipero,Atascadero,418700,3,2,1586.0
891,1070537,175 3rd,Shandon,225000,3,2,1034.0
892,1064394,1852 Nathan,Nipomo,949900,2,3,2812.0
893,1070539,4680 San Vicente,Atascadero,355000,3,2,1342.0
894,1070541,739 Bolen,Paso Robles,450000,3,2,1865.0
895,1070544,3786 Wendy,Santa Maria,489900,4,3,2374.0
896,1073059,1750 19th,Oceano,749000,3,3,1902.0
897,1068500,1781 Manhattan,Grover Beach,324000,2,3,1112.0
898,1070551,2175 Cass,Cayucos,659000,2,2,1152.0
899,1065892,1126 Foster,Santa Maria,299000,3,3,1800.0
900,1072037,330 Highway 246,Buellton,199000,3,2,1593.0
901,1070562,1516 Cherry,Lompoc,304900,4,2,1192.0
902,1068518,3057 Higuera,San Luis Obispo,105000,3,2,1300.0
903,1066471,428 Dorset,Cambria,750000,3,3,2260.0
904,1070568,101 Equestrian,Arroyo Grande,729900,3,2,2127.0
905,1070571,715 Creston,Paso Robles,779000,8,8,3676.0
906,1062382,765 Mesa View,Arroyo Grande,94500,2,2,-1.0
907,1066580,462 Camino Perrillo,Arroyo Grande,1196000,4,2,2400.0
908,1070586,1309 Richard,San Luis Obispo,949000,4,3,2875.0
909,1068539,2531 Cienaga,Oceano,243000,2,2,1362.0
910,1068541,1533 Osos,San Luis Obispo,749900,3,2,1204.0
911,1073041,2638 Vineyard,Paso Robles,529900,5,2,1671.0
912,1072043,463 Dixson,Arroyo Grande,679000,4,3,2306.0
913,1071702,7710 Valle,Atascadero,560000,3,2,1776.0
914,1071703,14541 De Luz,Santa Margarita,270000,2,2,1640.0
915,1070605,1687 Northwood,Nipomo,729900,3,2,1835.0
916,1070607,606 Newlove,Santa Maria,229900,2,2,1246.0
917,1070608,521 Daisy,Lompoc,327000,4,2,2110.0
918,1071704,110 Avocado,Nipomo,359000,3,2,1120.0
919,1066516,1710 Bilbao,Santa Maria,350000,3,3,2143.0
920,1071643,1231 Longview,Pismo Beach,1097000,3,4,2048.0
921,1056280,960 Ridgecrest,Nipomo,1199999,5,6,5521.0
922,1073004,4320 Cascade,Paso Robles,176000,2,2,1632.0
923,1073071,2905 Alta,Los Olivos,925000,3,4,2132.0
924,1070620,2437 Cumbre,San Luis Obispo,949000,4,3,2922.0
925,1071706,95 Via San Carlos,Paso Robles,84900,3,2,1248.0
926,1070623,1819 Kings,Paso Robles,287000,2,2,1088.0
927,1070624,84 Alydar,Paso Robles,749000,5,3,2683.0
928,1066530,2420 Mesa Ranch,Arroyo Grande,1049000,4,3,3223.0
929,1072974,561 14th,Grover Beach,555000,2,2,1300.0
930,1073073,246 Ridge,Pismo Beach,675000,3,2,1425.0
931,1073074,1289 Edison,Santa Ynez,739000,4,4,1990.0
932,1072687,609 Palomar,Lompoc,541000,4,3,2631.0
933,1070640,1010 Oak Glen,Santa Ynez,995000,3,3,2362.0
934,1070641,4445 Village Knoll,Santa Maria,409000,3,2,1421.0
935,1066550,113 Via Bandolero,Arroyo Grande,925000,3,3,3114.0
936,1068600,2766 Tennessee Walker,Paso Robles,315000,3,2,1728.0
937,1071711,288 Falcon Crest,Lompoc,779900,4,4,3269.0
938,1073077,63 Six Flags,Buellton,545000,3,2,1504.0
939,1070659,1746 Bilbao,Santa Maria,339900,3,2,1674.0
940,1070660,7400 Portola,Atascadero,530000,3,2,1936.0
941,1073078,4750 Blosser,Santa Maria,179900,3,2,1900.0
942,1072907,708 Heather,Nipomo,337000,3,2,1296.0
943,1071816,3410 Willowood,Santa Maria,270000,3,2,1158.0
944,1071714,160 Carrillo,Nipomo,315000,2,2,995.0
945,1070691,900 Fir,Lompoc,770000,3,3,3500.0
946,1070676,810 Del Rio,San Luis Obispo,829000,5,3,2394.0
947,1073081,344 Capistrano,Pismo Beach,2295000,4,4,3558.0
948,1070685,430 Montebello Oaks,Paso Robles,489000,3,3,1836.0
949,1070688,830 Fresno,Pismo Beach,899000,3,3,2500.0
950,1070689,3976 Berwyn,Santa Maria,245500,2,2,1488.0
951,1068643,10280 Belmont,Santa Margarita,90000,1,1,600.0
952,1070692,181 Highland,Santa Maria,379900,4,2,1367.0
953,1070698,553 Majestic,Santa Maria,329900,3,2,1274.0
954,1070701,908 Colebrook,Santa Maria,278000,3,2,1276.0
955,1070708,3860 Higuera,San Luis Obispo,192300,3,2,1152.0
956,1066617,6610 Buckley,Cambria,1250000,4,4,4700.0
957,1072064,840 Clearview,San Luis Obispo,559500,2,3,1676.0
958,1070723,5660 Moonstone Beach,Cambria,995000,2,3,1418.0
959,1071382,1119 Alvin,Santa Maria,369000,3,2,2015.0
960,1073089,2050 Oak,Arroyo Grande,1149000,3,2,2291.0
961,1070728,6015 Burgandy,Paso Robles,489000,3,3,2065.0
962,1072781,3460 Santa Maria,Santa Maria,164900,2,2,882.0
963,1072749,3057 Higuera,San Luis Obispo,285000,2,2,1440.0
964,1068689,1870 Costa Del Sol,Pismo Beach,659000,3,3,1499.0
965,1072787,253 Burton,Nipomo,399000,3,2,1080.0
966,1070740,1550 Post Canyon,Templeton,999000,5,4,3773.0
967,1068695,2301 Callender,Arroyo Grande,679899,4,3,2312.0
968,1070744,5012 Pretty Doe,Paso Robles,325000,3,2,1530.0
969,1072068,1320 Oceanaire,San Luis Obispo,799000,2,2,1781.0
970,1069500,1761 Shepherd,Paso Robles,229000,2,1,826.0
971,1066653,4465 Foxenwood,Santa Maria,355000,2,3,2073.0
972,1066655,687 Sandydale,Nipomo,620000,4,3,2040.0
973,1070752,328 Creekview,Arroyo Grande,519000,3,3,1718.0
974,1071728,395 Foster,Santa Maria,400000,3,2,1638.0
975,1070760,1130 San Sebastian,Grover Beach,499000,3,2,1400.0
976,1067975,622 Maple,Santa Maria,435000,3,3,2013.0
977,1066669,101 Out Of Area,Out Of Area,999000,3,5,6071.0
978,1064623,8500 Graves Creek,Atascadero,789000,4,4,3104.0
979,1072816,8595 El Centro,Atascadero,428500,3,2,1312.0
980,1068723,1891 Ringsted,Solvang,895000,4,3,2604.0
981,1068660,1541 Mesa,Nipomo,1027521,3,4,2827.0
982,1072826,163 Ocean View,Grover Beach,439900,3,1,991.0
983,1071391,2575 Shoreline,Bradley,1299000,4,4,3711.0
984,1070865,952 Queenanne,Paso Robles,273000,2,2,1088.0
985,1066686,Address Not Available,Paso Robles,1400000,4,5,4000.0
986,1072834,339 Centennial,Los Alamos,359000,2,1,759.0
987,1073099,4025 Ryan,Creston,675000,3,3,1947.0
988,1066693,2870 Mesa Alta,Arroyo Grande,1399000,3,4,3773.0
989,1071736,3385 Sagunto,Santa Ynez,739900,3,2,1922.0
990,1072851,5525 Capistrano,Atascadero,169900,1,1,640.0
991,1073090,1520 Swallow,Santa Maria,325000,2,2,1368.0
992,1070809,411 Tanglewood,Paso Robles,379500,3,2,1316.0
993,1068768,1071 Emma,Nipomo,914900,2,3,2595.0
994,1068769,1615 Via Sabroso,Santa Maria,115000,3,2,1680.0
995,1072867,1226 Main,Cambria,239000,2,2,1440.0
996,1068772,220 12th,Paso Robles,450000,3,2,1660.0
997,1070829,2476 Roblar,Santa Ynez,1895000,4,4,3680.0
998,1071741,313 Mar Vista,Los Osos,679000,3,3,1684.0
999,1072880,713 Riviera,Santa Maria,395000,3,2,1416.0
1000,1070376,1067 Ford,Nipomo,585000,2,2,1584.0
1001,1070834,1401 Sonya,Santa Maria,419000,3,3,1872.0
1002,1073107,13800 Santa Lucia,Atascadero,569000,3,2,1656.0
1003,1068788,459 Stanton,Arroyo Grande,1100000,3,2,2300.0
1004,1070844,3555 Ocean,Cayucos,699000,3,2,1414.0
1005,1070845,495 Driftwood,Morro Bay,595000,2,2,900.0
1006,1062656,2172 Florence,San Luis Obispo,799269,2,2,1793.0
1007,1072897,541 Bakeman,Arroyo Grande,369900,2,1,1008.0
1008,1070850,800 Del Rio,San Luis Obispo,989000,4,4,3440.0
1009,1068803,120 5th,Shandon,249900,3,2,1273.0
1010,1072913,1430 Railroad,Oceano,319000,2,2,865.0
1011,1072901,Address Not Available,Solvang,415000,2,1,1344.0
1012,1072902,792 Mahogany,Santa Maria,555000,2,2,1627.0
1013,1072903,2313 Carrizo,Lompoc,559000,5,4,2612.0
1014,1072904,2212 Gaviota,Lompoc,379900,3,2,1840.0
1015,1072905,1565 Kiler Canyon,Paso Robles,3500000,9,7,5555.0
1016,1072906,10 Cottonwood,San Luis Obispo,699000,2,3,1710.0
1017,1072087,1515 Tulane,Santa Maria,455487,4,3,2350.0
1018,1073104,120 Oak,Arroyo Grande,519000,3,2,1320.0
1019,1072909,180 Ash,Coalinga,152900,2,2,1370.0
1020,1072912,6553 Atascadero,Atascadero,379000,2,1,996.0
1021,1072088,1450 Highway 135,Los Alamos,5950000,4,5,4000.0
1022,1073138,132 Via Camelia,Paso Robles,529000,3,3,2073.0
1023,1072915,1332 Locust,Lompoc,319900,3,2,1052.0
1024,1062676,250 Mission Springs,Arroyo Grande,1085000,4,4,3000.0
1025,1072917,464 Corrida,San Luis Obispo,649000,3,3,1665.0
1026,1072919,327 Corona Del Terra,Arroyo Grande,560000,3,2,1608.0
1027,1072920,650 Princeton,Out Of Area,189900,3,2,1610.0
1028,1071748,4321 Lynhurst,Santa Maria,449900,4,3,2000.0
1029,1072922,3225 San Fernando,Atascadero,785000,3,3,2547.0
1030,1068827,351 Wilmar,Pismo Beach,1050000,2,2,1906.0
1031,1072924,6200 Buena,Atascadero,399000,3,2,1400.0
1032,1072925,1400 Aarhus,Solvang,835200,3,3,3077.0
1033,1071823,4101 Roblar,Santa Ynez,7595000,4,6,8000.0
1034,1072927,2560 Traditions Loop,Paso Robles,579000,3,2,2112.0
1035,1068832,1701 Calzada,Santa Ynez,1299000,4,4,2223.0
1036,1072929,230 Chaney,Cayucos,795000,1,2,1092.0
1037,1072931,2320 Claranita,Los Osos,650000,3,2,2132.0
1038,1072932,1854 7th,Los Osos,499000,3,2,1080.0
1039,1069702,76960 Barker,San Miguel,599900,3,3,2623.0
1040,1070886,1415 Plum,Lompoc,342000,4,3,1897.0
1041,1068839,1021 Speed,Santa Maria,368000,2,2,1379.0
1042,1072937,1010 Fava,Templeton,875000,4,4,2969.0
1043,1072939,1941 Fieldstone,Paso Robles,484000,3,2,1775.0
1044,1071545,381 San Luis,Pismo Beach,789000,2,3,1414.0
1045,1072942,2570 Rodman,Los Osos,779000,3,2,2315.0
1046,1070045,421 Orcas,Morro Bay,635000,3,3,1727.0
1047,1072944,1213 Cypress,Lompoc,165000,2,2,972.0
1048,1072945,3098 Rockview,San Luis Obispo,575000,2,3,1305.0
1049,1072946,3072 Rockview,San Luis Obispo,570000,2,3,1305.0
1050,1067315,1360 Foxenwood,Santa Maria,729000,5,4,3116.0
1051,1072948,3070 Rockview,San Luis Obispo,577500,2,3,1385.0
1052,1072953,613 Maple,King City,215000,3,2,1282.0
1053,1070906,1514 Jeffrey,Santa Maria,599900,4,4,3105.0
1054,1072955,312 W,Lompoc,295000,4,2,1593.0
1055,1070908,245 Cheyenne,Paso Robles,544900,4,3,2300.0
1056,1067335,331 StageCoach,Arroyo Grande,775000,3,3,2621.0
1057,1072958,7777 Del Rio,Atascadero,555000,3,3,1902.0
1058,1070912,427 Morro Cove,Morro Bay,1029000,3,3,2875.0
1059,1072961,1175 Via Pavion,Santa Maria,389000,3,2,1592.0
1060,1072962,1001 Date,Lompoc,299900,4,2,1272.0
1061,1071755,791 Angus,Paso Robles,554900,4,2,1828.0
1062,1070916,4305 Franklin,Santa Maria,424900,3,2,1556.0
1063,1070917,8925 Azucena,Atascadero,534000,3,3,1854.0
1064,1072966,1029 Cortez,Santa Maria,359900,3,2,1680.0
1065,1058631,1226 Main,Cambria,188000,3,2,1242.0
1066,1068872,2476 Roblar,Los Olivos,1895000,4,4,3680.0
1067,1072969,1780 Nacimiento Lake,Paso Robles,975000,3,2,1800.0
1068,1068874,1333 Santa Teresita,Santa Barbara,2475000,3,5,4690.0
1069,1072972,319 Primrose,Paso Robles,325000,3,2,1378.0
1070,1062733,1884 Northwood,Nipomo,970000,3,4,3232.0
1071,1070926,121 Narlene,Pismo Beach,799000,3,3,2112.0
1072,1072975,265 Clubhouse,Santa Maria,595000,4,3,2252.0
1073,1072976,562 Andrea,Paso Robles,424000,3,2,1648.0
1074,1070929,2145 Vintage,Hanford,759000,4,3,3460.0
1075,1068883,1338 Trail View,Nipomo,719900,3,2,1734.0
1076,1072980,1871 L,San Miguel,350000,4,2,1547.0
1077,1071758,9065 Coromar,Atascadero,459000,3,3,1548.0
1078,1070935,1441 Crown,Lompoc,320000,4,3,1770.0
1079,1072985,5695 Prancing Deer,Paso Robles,459000,4,2,1861.0
1080,1070939,280 Tally Ho,Arroyo Grande,649900,3,2,1368.0
1081,1072988,235 Cain,Santa Maria,350000,3,2,1744.0
1082,1063778,579 Camino Mercado,Arroyo Grande,339500,2,2,960.0
1083,1072990,1880 Burnt Rock,Templeton,1095000,4,5,4665.0
1084,1072992,449 Panay,Morro Bay,599900,1,2,1240.0
1085,1072993,235 Western,Santa Maria,180000,2,2,1024.0
1086,1072994,3967 Constellation,Lompoc,333000,4,2,1533.0
1087,1072995,820 Central,Santa Maria,273000,2,1,732.0
1088,1068900,445 Rice Ranch,Santa Maria,220000,2,2,1202.0
1089,1072998,1010 Redberry,Nipomo,615000,3,2,1890.0
1090,1068903,444 Pier,Oceano,129900,1,1,562.0
1091,1073002,1437 Crown,Lompoc,359950,4,3,1936.0
1092,1073003,1700 Lynne,Santa Maria,219900,3,3,1226.0
1093,1070956,4638 Royal Oak,Santa Maria,456000,4,2,1761.0
1094,1073005,1351 Newport,Arroyo Grande,849000,4,3,3076.0
1095,1073006,1241 Farroll,Arroyo Grande,175000,2,2,1050.0
1096,1068911,295 Waller,Santa Maria,499000,3,3,2183.0
1097,1070960,1095 McCoy,Santa Maria,28000,2,2,720.0
1098,1073009,350 Rennell,Morro Bay,429000,3,1,955.0
1099,1073010,1239 Aberdeen,Grover Beach,529900,3,3,1894.0
1100,1070963,2550 Grand,Los Olivos,1095000,3,3,2412.0
1101,1073013,219 Mission,San Luis Obispo,1349000,4,3,3100.0
1102,1073014,8 Pheasant,Paso Robles,325000,2,2,1333.0
1103,1068692,261 Silver Oak,Paso Robles,525000,3,2,2484.0
1104,1073018,5672 Silverado,Paso Robles,505000,4,3,2097.0
1105,1070971,125 Alydar,Paso Robles,627500,4,5,2834.0
1106,1070972,610 Park,Santa Maria,270000,3,2,1241.0
1107,1073021,108 Erna,Pismo Beach,749777,3,2,1585.0
1108,1073024,1754 Shepherd,Paso Robles,275000,2,2,1088.0
1109,1070977,3939 Saturn,Lompoc,290000,4,2,1327.0
1110,1073026,26877 Cummings Valley,Tehachapi,1990000,6,7,7500.0
1111,1070979,1441 Stoney Creek,Paso Robles,369900,3,3,1687.0
1112,1070980,2357 Bittern,Arroyo Grande,849999,3,4,2888.0
1113,1073029,836 Saint Andrews,Paso Robles,549500,4,2,2326.0
1114,1073030,1093 Grieb,Arroyo Grande,369500,2,3,1312.0
1115,1070983,9123 Santa Margarita,Atascadero,875000,3,4,2716.0
1116,1073032,5640 Pinehurst,San Luis Obispo,945000,4,3,2600.0
1117,1073033,1021 Miller,Santa Maria,300000,3,2,1275.0
1118,1073035,200 Hilltop,Paso Robles,709000,3,2,2269.0
1119,1073037,170 Ramona,San Luis Obispo,799000,3,2,1776.0
1120,1073038,925 Paseo Pacifico,Atascadero,750000,4,3,2900.0
1121,1068945,604 Valley Oak,Solvang,942631,4,4,19618.0
1122,1073042,146 Lafayette,Salinas,449000,3,3,1443.0
1123,1073044,1413 Vista Tesoro,Nipomo,939350,3,3,2390.0
1124,1073045,1129 3rd,Lompoc,299900,3,2,1621.0
1125,1066902,1314 Oak Ridge,Paso Robles,725000,4,4,3000.0
1126,1063098,2975 Foxen Canyon,Los Olivos,799900,3,2,2318.0
1127,1071001,2582 Lawton,San Luis Obispo,755000,3,2,1471.0
1128,1071591,450 Canyon,Arroyo Grande,1585000,4,6,4742.0
1129,1073051,2503 Castlerock,Santa Maria,719000,4,4,3510.0
1130,1073052,1774 7th,Los Osos,569000,3,2,1776.0
1131,1071008,1441 Via Rosa,Santa Maria,322000,3,2,1166.0
1132,1073057,255 Cedarwood,Nipomo,535000,4,2,1754.0
1133,1073058,1009 School,Santa Maria,325000,3,2,1238.0
1134,1071011,2129 Oak,Paso Robles,435000,3,3,1763.0
1135,1073069,917 Savannah,Grover Beach,580000,3,2,1823.0
1136,1071777,1496 Aarhus,Solvang,399950,2,2,1275.0
1137,1073062,3281 Tide,Morro Bay,430000,2,2,891.0
1138,1071018,2345 Nightshade,Santa Maria,349000,3,3,1681.0
1139,1066923,635 Glen Cairon,Santa Maria,675900,4,3,2830.0
1140,1073068,212 Agnes,Santa Maria,279000,3,2,1317.0
1141,1071021,11345 Atascadero,Atascadero,699900,4,4,3847.0
1142,1073070,5176 Guildford,Cambria,527000,3,2,1473.0
1143,1071023,720 Elsinore,Solvang,825000,3,3,2295.0
1144,1073072,2540 Baseline,Ballard,1295000,3,2,1948.0
1145,1071025,527 Patterson,King City,309000,5,5,3368.0
1146,1071026,1255 Orcutt,San Luis Obispo,128500,2,1,700.0
1147,1073075,7305 San Gabriel,Atascadero,575000,4,4,3005.0
1148,1071029,9066 Avonne,San Simeon,419000,2,3,1556.0
1149,1071030,1519 Canyon,Santa Maria,369000,3,2,1943.0
1150,1070409,3860 Higuera,San Luis Obispo,99000,2,2,840.0
1151,1073080,1247 Camino Del Robles,Atascadero,235000,3,2,1608.0
1152,1068020,6450 San Gabriel,Atascadero,839000,4,3,2908.0
1153,1073082,3960 Higuera,San Luis Obispo,215000,3,2,1200.0
1154,1073083,1606 Mackinnon,Out Of Area,1325000,4,3,1934.0
1155,1073084,1650 Clark,Santa Maria,59900,2,2,1056.0
1156,1073085,466 Cory,Santa Maria,393000,3,2,1469.0
1157,1073087,206 Valhalla,Solvang,1375000,3,3,3157.0
1158,1071776,14241 Rosedale,Bakersfield,329000,3,2,1437.0
1159,1066946,1178 Galeria,Atascadero,415000,3,3,1816.0
1160,1073091,Address Not Available,San Luis Obispo,550000,2,3,1591.0
1161,1073092,2920 Tall Pine,Santa Ynez,1115000,3,3,2788.0
1162,1068997,115 Tejas,Nipomo,599900,4,2,1920.0
1163,1068999,2180 Sherwood,Cambria,1395000,3,3,2590.0
1164,1073096,4100 Nogales,Atascadero,440000,3,2,1770.0
1165,1073097,559 Mars,Lompoc,329900,3,2,1232.0
1166,1073098,765 Mesa View,Arroyo Grande,234900,3,2,1484.0
1167,1071051,409 Pecan,Arroyo Grande,590000,3,2,1400.0
1168,1071052,1230 Quail Ridge,Solvang,1695000,4,3,3661.0
1169,1073102,136 Middle,Santa Barbara,8250000,5,7,6630.0
1170,1066845,2910 Club Moss,Avila Beach,1124777,3,3,2200.0
1171,1073106,5125 Bluebird,Paso Robles,288000,2,2,1124.0
1172,1069011,941 Shafer,Pismo Beach,1575000,5,4,2900.0
1173,1073108,3235 Adelaida,Paso Robles,639000,2,1,1139.0
1174,1073109,3680 Angeles,Santa Maria,365000,3,2,1322.0
1175,1073112,765 Mesa View,Arroyo Grande,249900,3,2,1421.0
1176,1071065,150 Park,Pismo Beach,975000,2,2,1400.0
1177,1073114,9221 Tassajara Creek,Santa Margarita,850000,3,3,1800.0
1178,1073115,1033 Par,Paso Robles,499900,3,2,2015.0
1179,1073141,1751 Bilbao,Santa Maria,359000,3,3,2128.0
1180,1072122,1380 Diablo,San Luis Obispo,689000,3,3,2044.0
1181,1073120,5051 Bluebird,Paso Robles,154900,2,2,1105.0
1182,1073121,812 6th,Lompoc,329900,3,2,1272.0
1183,1073123,1183 Santa Ynez,Los Osos,184000,1,1,538.0
1184,1073124,1242 Camino Del Robles,Atascadero,75000,2,1,643.0
1185,1073125,901 Player,Paso Robles,380000,3,2,1154.0
1186,1072989,6588 Serra,Atascadero,365000,3,3,1272.0
1187,1064935,11010 Fuentes,Atascadero,2795000,4,5,3871.0
1188,1073128,3806 Mira Loma,Santa Maria,389900,3,2,1568.0
1189,1073129,308 Concord,Santa Maria,409777,4,3,2400.0
1190,1069034,371 Stimson,Pismo Beach,579000,2,2,1275.0
1191,1071083,1055 Las Tunas,Morro Bay,498500,3,2,1485.0
1192,1073132,1228 Camino Del Robles,Atascadero,185000,2,2,1080.0
1193,1073133,9906 Sunfish,Paso Robles,619500,4,2,2327.0
1194,1073134,1207 Fallen Leaf,Atascadero,190000,2,2,1101.0
1195,1068029,1661 McCollum,San Luis Obispo,899000,4,3,1971.0
1196,1071088,423 Burton,Nipomo,399000,3,2,1161.0
1197,1071090,508 Crosby,Lompoc,384900,3,2,1662.0
1198,1071237,116 Wessels,Templeton,449000,3,2,1795.0
1199,1071093,1224 Barton,Lompoc,374900,4,3,2000.0
1200,1071095,400 Lupine,Templeton,644000,3,3,2384.0
1201,1073144,901 Sheffield,Cambria,369000,2,2,1529.0
1202,1073145,912 Northpoint,Lompoc,351000,4,2,1600.0
1203,1073146,3366 Via Arnez,Lompoc,295000,3,2,1247.0
1204,1071099,875 Hibiscus,Nipomo,419500,3,2,1272.0
1205,1071100,515 Palisade,Santa Maria,394999,6,3,2262.0
1206,1069738,8405 Santa Cruz,Atascadero,599900,3,2,1884.0
1207,1071102,304 Alcazar,Santa Maria,349900,3,3,1667.0
